Date,Price,SMA_20,SMA_50,RSI,Volatility_30,MACD,Signal,MACD_Histogram
2018-01-01,6345,,,,,0.0,0.0,0.0
2018-01-02,7155,,,,,64.61538461538385,12.92307692307677,51.692307692307075
2018-01-03,7879,,,,,172.25860179706342,44.7901818978741,127.46841989918931
2018-01-04,7959,,,,,261.01316110695916,88.03477773969112,172.97838336726804
2018-01-05,8199,,,,,346.72099918614276,139.77202202898144,206.94897715716132
2018-01-06,8583,,,,,440.55225694976343,199.92806901313784,240.6241879366256
2018-01-07,9267,,,,,563.610339163999,272.66452304331006,290.94581612068896
2018-01-08,9723,,,,,689.9765250678711,356.12692344822227,333.8496016196488
2018-01-09,11216,,,,,900.2181063308135,464.9451600247405,435.272946306073
2018-01-10,11023,,,,,1039.2823867353327,579.812605366859,459.4697813684737
2018-01-11,9608,,,,,1023.5147159783573,668.5530274891587,354.96168848919865
2018-01-12,10591,,,,,1077.9130968271274,750.4250413567524,327.488055470375
2018-01-13,11655,,,,,1193.1264938245731,838.9653318503166,354.1611619742565
2018-01-14,11342,,,78.26677225930536,,1244.8278562148844,920.1378367232303,324.6900194916541
2018-01-15,10660,,,72.66043482827435,,1216.7439907803437,979.459067534653,237.28492324569072
2018-01-16,8586,,,56.63421418636996,,1015.427640473732,986.6527821224688,28.77485835126322
2018-01-17,8228,,,51.67482483923602,,817.5709256697082,952.8364108319167,-135.2654851622085
2018-01-18,8306,,,51.66554670250552,,659.4601556589223,894.161159797318,-234.70100413839566
2018-01-19,8421,,,51.07850757870191,,537.2427699734471,822.7774818325438,-285.53471185909666
2018-01-20,9435,9209.05,,53.90038454495513,,516.2548721290041,761.4729598918359,-245.21808776283183
2018-01-21,8458,9314.7,,46.393223361569326,,415.99079407846875,692.3765267291625,-276.38573265069374
2018-01-22,8030,9358.45,,42.43318137123447,,298.5532310009439,613.6118675835188,-315.0586365825749
2018-01-23,7935,9361.25,,33.24139340075595,,195.563080658143,530.0021101984437,-334.4390295403007
2018-01-24,8384,9382.5,,36.86411149825784,,148.4618166498749,453.69405148872994,-305.23223483885505
2018-01-25,8401,9392.6,,43.02070082109402,,111.22336973000529,385.19991513698506,-273.97654540697977
2018-01-26,8253,9376.1,,35.03584229390681,,68.97417775882786,321.9547676613536,-252.98058990252576
2018-01-27,8623,9343.9,,28.701882551278445,,64.60259797788967,270.48433372466087,-205.8817357467712
2018-01-28,9740,9344.75,,39.888916940166624,,149.54677224663828,246.29682142905637,-96.75004918241808
2018-01-29,9227,9245.3,,40.758416096994715,,173.47116208971238,231.73168956118758,-58.2605274714752
2018-01-30,9162,9152.25,,55.01392757660167,1281.1304742117497,185.05327764095455,222.39600717714097,-37.342729536186425
2018-01-31,8347,9089.2,,50.959522657635866,1185.9633283082385,127.00447042166161,203.3176998260451,-76.31322940438349
2018-02-01,8716,8995.45,,53.1577325939618,1131.5967464391742,109.51318874931894,184.5567976106999,-75.04360886138096
2018-02-02,8011,8813.25,,47.10533747528947,1126.8035703736907,38.32186335076767,155.30981075871347,-116.9879474079458
2018-02-03,7230,8607.65,,33.90275952693824,1160.426972549626,-80.19352678599716,108.20914324977134,-188.4026700357685
2018-02-04,7445,8446.9,,41.67898800722852,1188.7040388397877,-154.98258143120074,55.57079831357693,-210.55337974477766
2018-02-05,6608,8348.0,,39.054802955665025,1269.5149625860602,-278.5810421198221,-11.259569773102868,-267.32147234671925
2018-02-06,5458,8209.5,,33.598198914051125,1425.0162717360965,-463.9806219514221,-101.80378020876672,-362.17684174265537
2018-02-07,6245,8106.45,,36.44314868804665,1495.0109844673925,-541.168547780152,-189.6767337230438,-351.49181405710823
2018-02-08,6080,7989.4,,35.5605325370163,1500.277260199349,-608.638648668416,-273.46911671211825,-335.1695319562977
2018-02-09,6549,7845.1,,39.80617372577172,1473.9650115156785,-617.1506804336541,-342.20542945642546,-274.9452509772286
2018-02-10,7042,7774.3,,40.67916519278388,1479.359878655195,-577.4589596749811,-389.2561355001366,-188.20282417484447
2018-02-11,6907,7718.15,,31.110814775303368,1441.245838785352,-550.5499595401234,-421.514900308134,-129.0350592319894
2018-02-12,6618,7652.3,,32.06872852233677,1319.04891763969,-546.2474670180545,-446.4614136501181,-99.7860533679364
2018-02-13,6954,7580.8,,35.36973230850782,1181.1154035705933,-509.848107155829,-459.13875235126034,-50.70935480456865
2018-02-14,6694,7495.45,,38.17765698755543,1083.5526609101742,-496.26059607111347,-466.563121095231,-29.69747497588247
2018-02-15,7280,7446.8,,40.03884572697003,1077.2306666612328,-433.21328002387327,-459.89315288095946,26.679872857086195
2018-02-16,7361,7383.7,,45.06379100850547,1075.8592502910328,-372.4187927501225,-442.3982808547921,69.9794881046696
2018-02-17,7449,7269.15,,51.85876761161093,1071.4245544423886,-313.52375237609976,-416.6233751590537,103.09962278295393
2018-02-18,7685,7192.05,,52.0297699594046,1062.7872490680395,-244.98178339501465,-382.2950568062459,137.31327341123125
2018-02-19,7283,7098.1,8247.12,56.16213255431805,1011.4640492812921,-220.55737141957798,-349.9475197289123,129.39014830933434
2018-02-20,7420,7051.75,8268.62,71.9758064516129,998.9849566826135,-187.97918686424055,-317.55385315597795,129.5746662917374
2018-02-21,7312,6981.55,8271.76,64.09511228533685,996.2119338982955,-168.9281398551948,-287.8287104958213,118.90057064062654
2018-02-22,6568,6909.4,8245.54,55.591200733272224,1009.0476197140438,-211.4274262172803,-272.54845364011317,61.12102742283287
2018-02-23,6593,6877.55,8218.22,50.56122448979592,1008.0300858719404,-240.32085654407365,-266.10293422090524,25.78207767683159
2018-02-24,7065,6858.55,8195.54,50.29494742241601,993.611585459139,-222.5670386343627,-257.39575510359674,34.82871646923405
2018-02-25,6771,6866.7,8159.3,48.32429768358798,986.4262682829489,-229.5739671822039,-251.8313975193182,22.2574303371143
2018-02-26,6895,6938.55,8111.86,53.557667608528135,959.4981357010533,-222.55576057800954,-245.97627013105645,23.420509553046912
2018-02-27,7044,6978.5,8058.28,51.214247166756614,841.1177900755715,-202.63487779035768,-237.30799166291672,34.67311387255904
2018-02-28,7151,7032.05,7976.98,56.43118491415706,749.0117021015504,-176.18250662863284,-225.08289465605998,48.90038802742714
2018-03-01,7017,7055.45,7896.86,45.75943244114802,643.4300290621003,-164.1393952440476,-212.8941947736575,48.7547995296099
2018-03-02,7057,7056.2,7845.84,45.032679738562095,595.791616737528,-149.64249150690648,-200.2438541203073,50.60136261340082
2018-03-03,7017,7061.7,7774.36,42.828685258964136,502.09953333907345,-139.7700741458184,-188.14909812540952,48.379023979591125
2018-03-04,6966,7079.1,7680.58,37.28333922886453,461.2828987114993,-134.5108289296295,-177.42144428625352,42.91061535662402
2018-03-05,6953,7079.05,7592.8,43.23215750615259,457.7356324292522,-129.894487761052,-167.91605298121323,38.02156522016122
2018-03-06,6942,7091.45,7518.44,39.662629757785474,446.7804933022564,-125.67491006189812,-159.4678243973502,33.79291433545208
2018-03-07,6639,7059.4,7479.5,36.5775827682489,446.1184897497042,-145.10772058179919,-156.59580363424,11.488083052440828
2018-03-08,6189,7000.8,7438.72,41.43696339810212,379.6206576019884,-194.5766436890508,-164.1919716452022,-30.38467204384861
2018-03-09,5781,6917.4,7388.22,34.36055469953776,415.9857093036163,-263.66395787633974,-184.08636889142971,-79.57758898491002
2018-03-10,5864,6826.35,7337.08,22.79111916628908,432.3823659041067,-308.16639539770495,-208.90237419268476,-99.26402120502019
2018-03-11,5650,6744.7,7261.38,23.648330982604605,485.585155949156,-356.59233481874344,-238.44036631789652,-118.15196850084692
2018-03-12,5878,6667.6,7209.78,27.20753025549081,517.0376951063865,-372.2811211478329,-265.2085172838838,-107.0726038639491
2018-03-13,5729,6588.45,7163.76,20.528910802330785,554.6237048873711,-392.21642529572,-290.610098886251,-101.60632640946898
2018-03-14,5624,6541.25,7117.54,15.746971736204571,593.8169045185217,-411.741618855508,-314.83640288010247,-96.90521597540555
2018-03-15,4979,6460.55,7049.44,12.810218978102185,675.541233841943,-473.7999144495816,-346.6291051939983,-127.17080925558326
2018-03-16,5012,6357.9,6981.66,12.586900841566035,742.1585355933246,-514.389178354345,-380.1811198260677,-134.20805852827726
2018-03-17,4993,6269.0,6916.46,12.684365781710909,789.977710292275,-541.8435682699937,-412.5136095148529,-129.32995875514086
2018-03-18,4601,6154.3,6836.02,11.267605633802816,852.0977501801501,-588.4492177108004,-447.7007311540424,-140.74848655675805
2018-03-19,4415,6022.85,6729.52,10.66336019838809,910.0824776315377,-633.0952482674356,-484.7796345767211,-148.31561369071454
2018-03-20,4531,5891.85,6635.6,13.809666766736711,934.748481137311,-651.6060101193016,-518.1449096852372,-133.4611004340644
2018-03-21,4555,5768.75,6543.46,15.858453473132371,964.4830006903666,-656.7685043323663,-545.869628614663,-110.89887571770328
2018-03-22,4595,5645.65,6468.42,19.833459500378495,976.4397939782931,-650.137768979841,-566.7232566876986,-83.41451229214238
2018-03-23,4431,5516.35,6382.72,21.851542952460377,992.5866851747561,-650.6163920628496,-583.5018837627289,-67.11450830012075
2018-03-24,4429,5389.5,6311.08,19.033232628398792,1025.434151957113,-643.7364939989639,-595.5488058099759,-48.18768818898798
2018-03-25,4276,5255.65,6252.0,19.547872340425528,1059.0928611343534,-643.215360256615,-605.0821166993037,-38.13324355731129
2018-03-26,4282,5122.65,6188.74,10.766961651917399,1069.469846103265,-634.9983425353257,-611.0653618665082,-23.93298066881755
2018-03-27,3990,4990.2,6136.38,10.059715204409741,1097.3822063877994,-644.6175070837699,-617.7757909099605,-26.841716173809345
2018-03-28,3695,4865.5,6101.12,9.252217997465152,1127.2586547517153,-668.3405846407131,-627.888749656111,-40.4518349846021
2018-03-29,3710,4761.95,6050.42,13.47150259067358,1138.4488585124404,-678.114043300533,-637.9338083849955,-40.18023491553754
2018-03-30,3221,4629.8,5993.24,9.16552667578658,1159.7009171512204,-717.0520631246018,-653.7574593329168,-63.29460379168495
2018-03-31,3298,4512.2,5928.22,12.35006663705019,1168.6474626481784,-733.2450750879093,-669.6549824839153,-63.59009260399398
2018-04-01,3302,4383.4,5853.42,15.136876006441213,1161.3843013414212,-737.2567502718343,-683.1753360414992,-54.0814142303351
2018-04-02,3166,4255.25,5778.6,15.554329840044133,1149.4179156545226,-742.8470171507288,-695.1096722633451,-47.73734488738364
2018-04-03,3233,4135.7,5710.9,13.20861678004536,1122.3884533573416,-733.4166334558381,-702.7710645018437,-30.64556895399437
2018-04-04,3487,4061.1,5641.56,23.219658976930788,1070.1674275497762,-697.4080236270111,-701.6984563268772,4.290432699866187
2018-04-05,3192,3970.1,5571.52,18.808359270787008,1014.8125589906034,-684.7812435773367,-698.3150137769692,13.5337701996325
2018-04-06,3240,3882.45,5490.72,22.081575246132203,962.9074841273718,-663.2556325004998,-691.3031375216754,28.04750502117554
2018-04-07,3104,3807.6,5405.58,20.776356418173805,934.5407631189947,-649.6813715998387,-682.9787843373081,33.29741273746936
2018-04-08,3217,3747.7,5320.94,26.223619218679843,915.4593150278513,-622.6282455768151,-670.9086765852096,48.280431008394544
2018-04-09,3333,3687.8,5233.9,29.696191698759094,878.0826657075575,-585.0837366348242,-653.7436885951325,68.65995196030838
2018-04-10,3333,3626.7,5154.9,33.936430317848405,844.8947897502533,-549.0009021459728,-632.7951313053006,83.79422915932787
2018-04-11,3425,3568.2,5075.0,42.671009771986974,782.8103629665451,-507.1354232484855,-607.6631896939376,100.52776644545213
2018-04-12,3558,3524.55,4999.92,46.12244897959184,716.2495399288391,-457.94582669634065,-577.7197170944182,119.77389039807758
2018-04-13,4109,3508.55,4950.74,71.95845697329376,643.1686966992337,-370.23379718458773,-536.2225331124522,165.98873592786447
2018-04-14,4144,3501.95,4901.76,71.36363636363636,611.7339788826006,-294.5023347786896,-487.87849344569975,193.37615866701015
2018-04-15,4195,3497.6,4844.36,72.02762703502714,575.9370375868924,-227.7440399047955,-435.85160273751893,208.10756283272343
2018-04-16,4454,3520.8,4798.02,79.95348837209303,546.2181251385592,-152.18419018986697,-379.1181202279886,226.93393003812162
2018-04-17,4267,3549.4,4745.46,72.77533039647577,532.9373181317565,-106.1679638868327,-324.52808895975744,218.36012507292475
2018-04-18,4188,3573.3,4688.34,66.73031026252983,525.5563445191823,-75.20746790711246,-274.66396474922846,199.456496842116
2018-04-19,4347,3629.6,4632.26,79.47932618683001,517.7305738764463,-37.40984321750693,-227.21314044288414,189.8032972253772
2018-04-20,4761,3702.75,4587.14,82.70967741935483,529.4258829309717,25.655644424975435,-176.63938346931224,202.29502789428767
2018-04-21,4985,3786.9,4545.7,88.97637795275591,553.8597855675778,92.64250061865914,-122.78300665171797,215.42550727037712
2018-04-22,5070,3882.1,4506.76,88.84696016771488,589.6036161167337,150.8499520454061,-68.05641491229316,218.90636695769928
2018-04-23,5219,3981.4,4471.82,88.99917287014061,633.1424355373431,206.62103276954804,-13.12092537592492,219.74195814547295
2018-04-24,5419,4078.0,4441.14,89.83957219251337,690.8019194776609,263.91608424550486,42.28647654836104,221.62960769714383
2018-04-25,5998,4218.3,4422.26,91.43317230273752,787.902993037074,351.98581307429686,104.2263438535482,247.75946922074866
2018-04-26,5252,4318.9,4394.52,72.7810650887574,822.7371725966998,357.4651070219343,154.87409648722542,202.59101053470886
2018-04-27,5687,4448.05,4384.48,71.90449750138811,876.1402580204473,392.3851794080101,202.37631307138236,190.00886633662776
2018-04-28,5558,4565.1,4380.02,69.12878787878788,914.5312196552592,404.9819862129634,242.8974476996986,162.08453851326482
2018-04-29,5823,4689.6,4379.2,70.81841432225065,948.553880582339,431.3757011033067,280.5930983804202,150.7826027228865
2018-04-30,5898,4817.85,4384.16,69.37734836285561,980.3949380136339,453.12148113302555,315.0987749309413,138.02270620208424
2018-05-01,5797,4936.45,4382.54,71.01648351648352,998.5773495270682,456.9380155593526,343.4666230566236,113.47139250272903
2018-05-02,5885,5052.8,4385.66,73.2529460126062,1007.7569356642055,461.74085004653807,367.1214684546065,94.61938159193159
2018-05-03,6034,5149.05,4393.86,73.17944490244574,1018.6449580568847,472.12779045619664,388.12273285492455,84.00505760127209
2018-05-04,6885,5286.1,4431.98,76.0549558390579,1081.5116395290352,542.7713729371972,419.05246087137914,123.71891206581802
2018-05-05,6846,5418.65,4468.66,73.91416088409149,1113.5267515586602,588.822369206503,453.006442538404,135.81592666809905
2018-05-06,7102,5551.05,4510.84,75.01230920728705,1149.4941521152368,638.6136355803865,490.1278811468005,148.48575443358595
2018-05-07,6926,5684.0,4557.34,70.87307410124725,1151.960370586723,656.3063527043068,523.3635754583019,132.942777246005
2018-05-08,6611,5805.15,4601.26,64.17697431018078,1131.4863325244617,637.560688311888,546.2029980290191,91.35769028286893
2018-05-09,6558,5915.7,4641.8,57.61283306144644,1103.7698848132663,611.3803451176927,559.2384674467538,52.141877670938925
2018-05-10,6478,6001.55,4680.26,70.35192563081009,1061.2202307536932,577.5196164599301,562.8946972493891,14.624919210541066
2018-05-11,6205,6062.55,4712.46,59.08771929824561,1004.2291313618941,522.6313576373541,554.8420293269821,-32.21067168962804
2018-05-12,5807,6099.4,4739.98,53.991663994870144,937.921286798571,441.9225353958791,532.2581305407616,-90.33559514488252
2018-05-13,5875,6132.2,4768.9,50.889801505817935,898.9541330531474,379.0774748318072,501.62199939897073,-122.54452456716353
2018-05-14,6242,6173.35,4808.22,55.35158680771624,861.8869008663842,354.7962738219867,472.25685428357394,-117.46058046158726
2018-05-15,6287,6187.8,4848.32,57.7580747308423,821.3502088130522,335.3190220470906,444.8692878362773,-109.55026578918671
2018-05-16,6113,6230.85,4890.78,53.51418002466091,786.2670578161722,302.3574256759084,416.36691540420355,-114.00948972829514
2018-05-17,6107,6251.85,4939.02,51.177039664624324,732.1314976731031,272.6085119870804,387.615234720779,-115.00672273369855
2018-05-18,5819,6264.9,4981.2,28.999211977935374,660.307681677839,223.21994984355933,354.73617774533506,-131.51622790177572
2018-05-19,6006,6274.05,5036.9,34.36336559940432,589.7447928465831,196.89876924856617,323.1686960459813,-126.26992679741511
2018-05-20,6003,6279.3,5091.0,27.41471434443075,543.3449878871371,173.7935848023626,293.29367379725755,-119.50008899489495
2018-05-21,6165,6297.7,5148.26,34.270359652749065,507.63604144575584,166.63375556613664,267.9616901510334,-101.32793458489675
2018-05-22,5977,6302.3,5204.48,36.16928446771379,472.7054148149849,144.12809157118863,243.19497043506448,-99.06687886387584
2018-05-23,5566,6278.9,5251.14,31.283018867924525,454.6583774988533,92.0666386797484,212.96930408400127,-120.90266540425287
2018-05-24,5085,6188.9,5283.1,27.171419206817433,475.46266034181383,11.858188252782384,172.7470809177575,-160.88889266497512
2018-05-25,5237,6108.45,5324.0,33.48122866894198,500.0134986683652,-38.992970209972555,130.3990706922115,-169.39204090218405
2018-05-26,5105,6008.6,5361.3,36.82432432432433,508.8582678719229,-88.91917162426762,86.53542222891568,-175.4545938531833
2018-05-27,5089,5916.75,5401.0,34.954058192955586,534.8687334935272,-128.29817077650114,43.56870362783232,-171.86687440433346
2018-05-28,4946,5833.5,5435.58,22.8643216080402,564.5856185643231,-169.0959829809408,1.0357663060777043,-170.1317492870185
2018-05-29,4514,5731.3,5459.2,18.054054054054063,627.126117950844,-233.59459957437957,-45.89030687001375,-187.70429270436583
2018-05-30,5039,5659.35,5493.32,32.82149712092131,649.832948471793,-239.5853151438896,-84.62930852478893,-154.95600661910066
2018-05-31,4894,5593.8,5522.7,31.42419601837672,677.1963364940208,-253.11553030354753,-118.32655288054065,-134.78897742300688
2018-06-01,5038,5555.35,5552.3,37.487984620313995,695.827027158432,-249.34443927133088,-144.53013015869868,-104.8143091126322
2018-06-02,5062,5514.7,5571.36,34.04327248140636,711.1258848740736,-241.63381878430755,-163.95086788382048,-77.68295090048707
2018-06-03,5144,5459.8,5591.36,35.85775436285809,694.8473776023928,-226.29776206331462,-176.42024671971933,-49.87751534359529
2018-06-04,5374,5414.15,5614.94,37.26247987117553,669.5751303419327,-193.3558627854618,-179.80736993286786,-13.548492852593938
2018-06-05,5137,5365.35,5628.6,36.68357641090679,627.0963820767864,-184.24917972975982,-180.69573189224627,-3.553447837513545
2018-06-06,5251,5322.55,5648.28,44.48722436121806,585.551772400119,-165.92059124190382,-177.7407037621778,11.820112520273966
2018-06-07,5221,5292.65,5668.94,52.8262676641729,559.1986096705465,-152.06291546091325,-172.60514610192487,20.542230641011628
2018-06-08,5180,5251.35,5685.6,48.75816993464052,531.8628550215974,-142.74350662439974,-166.63281820641984,23.8893115820201
2018-06-09,5142,5208.3,5693.22,50.84052703316674,505.2034983178996,-136.84660788782276,-160.67557614270044,23.82896825487768
2018-06-10,5061,5153.1,5694.74,49.38217122683142,492.199128005318,-137.12856348864807,-155.96617361188996,18.837610123241888
2018-06-11,4551,5081.8,5684.36,42.49905051272313,513.6930072982561,-176.47051088543594,-160.06704106659916,-16.403469818836783
2018-06-12,4586,5032.8,5671.7,51.61001788908766,526.9916671460553,-202.490891200463,-168.55181109337195,-33.93908010709106
2018-06-13,4277,4992.4,5648.86,31.138613861386133,536.2261103110416,-245.21921319998182,-183.88529151469393,-61.33392168528789
2018-06-14,4087,4934.9,5610.64,30.460048426150124,546.8077095875352,-291.0579929637079,-205.31983180449674,-85.73816115921113
2018-06-15,4519,4905.6,5595.98,38.9715257118572,534.9483335241151,-289.19312818641356,-222.09449108088012,-67.09863710553344
2018-06-16,4265,4864.4,5567.54,34.572202864885796,529.7022151941663,-304.69851187159384,-238.61529523902288,-66.08321663257095
2018-06-17,4332,4833.7,5543.02,34.190031152647975,530.77079171082,-308.02952744406775,-252.4981416800319,-55.53138576403586
2018-06-18,4326,4824.3,5513.08,27.64505119453925,516.1364216436614,-307.60762195305324,-263.52003773463616,-44.08758421841708
2018-06-19,4516,4798.15,5485.44,36.48236830648673,487.68272614406493,-288.6148740959561,-268.5390050069002,-20.075869089055914
2018-06-20,4730,4789.95,5464.1,39.13224864413851,432.25658753946226,-253.37423262277753,-265.50605053007564,12.131817907298114
2018-06-21,4706,4773.35,5440.52,39.23044751150146,383.4351988591215,-224.79111770649524,-257.3630639653596,32.57194625886433
2018-06-22,4629,4751.7,5412.42,38.64853728883395,362.0134007172199,-205.97766735662663,-247.085984643613,41.10831728698636
2018-06-23,4108,4699.9,5356.88,32.233676975945016,382.11357762698276,-230.45171432061397,-243.7591305790132,13.307416258399229
2018-06-24,4188,4640.6,5303.72,34.99484358886215,388.8898153792954,-240.618540696154,-243.1310126024414,2.5124719062873737
2018-06-25,4038,4585.65,5242.44,39.937230286386814,405.3763116204294,-257.8077232901387,-246.06635473998085,-11.741368550157858
2018-06-26,4060,4526.1,5185.12,39.62933753943218,417.4521639606112,-266.5820660826894,-250.16949700852257,-16.41256907416681
2018-06-27,3823,4456.2,5129.36,40.78733766233766,443.90057393545277,-289.32456181950056,-258.0005099707182,-31.324051848782346
2018-06-28,3928,4393.6,5076.76,46.658259773013874,463.0248075576377,-295.46954210538297,-265.4943163976512,-29.975225707731795
2018-06-29,3802,4326.6,5023.24,32.70622286541244,481.0331613296995,-306.9680931315834,-273.7890717444376,-33.17902138714578
2018-06-30,3869,4267.0,4976.52,39.501590668080595,495.55228681291663,-307.13398817340294,-280.4580550302307,-26.675933143172244
2018-07-01,4021,4240.5,4940.8,42.11060375443937,496.8632886279692,-291.63850436658504,-282.6941448975016,-8.944359469083452
2018-07-02,4010,4211.7,4903.5,42.00404858299595,495.22272824932645,-277.05214520891786,-281.56574495978487,4.513599750867002
2018-07-03,4233,4209.5,4863.32,42.95669487307118,481.8707319383945,-244.67762284654145,-274.18812053713623,29.510497690594775
2018-07-04,4061,4208.2,4818.8,32.99440772750381,455.42714698060087,-230.24541731651334,-265.39957989301166,35.15416257649832
2018-07-05,4067,4185.6,4777.88,33.6069779374038,439.09881719763365,-215.83562190334078,-255.4867882950775,39.65116639173672
2018-07-06,4092,4176.95,4737.58,35.84607274644175,410.4413604217056,-200.09192895110164,-244.40781642628232,44.31588747518069
2018-07-07,4079,4164.3,4702.78,48.95608351331893,378.3470158040219,-186.5139139150042,-232.82903592402673,46.31512200902253
2018-07-08,4201,4158.05,4666.68,50.45422781271837,341.06156285217037,-164.0181595258682,-219.06686064439504,55.04870111852682
2018-07-09,4219,4143.2,4631.0,56.96689761354888,299.4203288578211,-143.0882304799543,-203.8711346115069,60.78290413155261
2018-07-10,4095,4111.45,4589.6,51.249107780157026,257.81922741134105,-134.9512407091679,-190.0871558310391,55.13591512187119
2018-07-11,3779,4065.1,4545.64,48.51351351351351,261.5167166806751,-152.24617760431556,-182.5189601856944,30.272782581378834
2018-07-12,3906,4028.95,4512.44,49.26764314247669,255.2427827792818,-153.9302885323741,-176.80122585503034,22.870937322656232
2018-07-13,3797,4013.4,4486.68,49.83164983164983,262.9428590519788,-162.19071403404496,-173.87912349083328,11.688409456788321
2018-07-14,3832,3995.6,4458.58,48.72677219545767,269.0839483587971,-164.0222073583277,-171.90774026433218,7.885532906004471
2018-07-15,3835,3985.45,4433.18,42.8680981595092,264.8995493849691,-163.3486228419306,-170.19591677985187,6.847293937921279
2018-07-16,3972,3981.05,4410.84,48.67132867132867,264.7030520170068,-150.03058798900474,-166.16285102168246,16.132263032677713
2018-07-17,4219,4000.85,4396.3,49.51856946354883,262.20473048678383,-118.18277620407389,-156.56683605816073,38.38405985408684
2018-07-18,4397,4024.3,4393.96,61.50684931506849,264.58072665924107,-77.68454445002135,-140.79037773653286,63.10583328651151
2018-07-19,4219,4045.15,4377.56,54.65686274509804,254.1007244399576,-59.26929684271545,-124.48616155776938,65.21686471505393
2018-07-20,4137,4058.55,4362.42,51.332149200710475,224.5175056533882,-50.707273254738084,-109.73038389716314,59.02311064242505
2018-07-21,3959,4055.45,4340.84,46.763754045307444,191.37573622009816,-57.6207046515683,-99.30844804804418,41.68774339647588
2018-07-22,4055,4057.7,4320.7,46.00656455142232,157.43493091196675,-54.72244486673071,-90.39124741178149,35.66880254505078
2018-07-23,4031,4047.6,4298.44,44.87459105779717,156.8026213714454,-53.742640820299584,-83.06152609348511,29.31888527318553
2018-07-24,3968,4042.95,4270.32,46.418499717992106,154.3220397545804,-57.388177355770495,-77.9268563459422,20.538678990171704
2018-07-25,4210,4050.1,4251.78,62.68393172454385,158.03107507590562,-40.28552732110256,-70.39859054097428,30.11306321987172
2018-07-26,4101,4050.55,4228.78,55.800118976799524,158.4832599303544,-35.12207755238978,-63.34328794325739,28.221210390867604
2018-07-27,4061,4049.65,4205.58,58.18858560794044,153.61679820139003,-33.86727129425344,-57.4480846134566,23.58081331920316
2018-07-28,4136,4046.4,4184.7,59.20096852300242,153.15074461034826,-26.515303185522953,-51.261528327869875,24.746225142346923
2018-07-29,4118,4041.35,4164.22,58.48830233953209,146.55550515741663,-21.888942950073215,-45.38701125231055,23.498068302237336
2018-07-30,4121,4042.65,4145.42,54.859752120026094,142.6392805920154,-17.775538857341417,-39.86471677331673,22.089177915975313
2018-07-31,4011,4054.25,4134.62,42.55014326647565,142.7557555656445,-23.125144894575897,-36.51680239756857,13.391657502992672
2018-08-01,3799,4048.9,4118.88,29.09090909090908,150.49756556626045,-43.96457817281271,-38.006357552617395,-5.958220620195313
2018-08-02,3674,4042.75,4106.82,30.210602759622375,162.11245210170685,-69.76225862530237,-44.35753776715439,-25.404720858147975
2018-08-03,3653,4033.8,4098.14,31.61094224924011,176.613679974158,-90.8543187105829,-53.6568939558401,-37.197424754742805
2018-08-04,3720,4028.05,4082.16,40.08298755186722,184.9198148685687,-100.99933081488462,-63.125381327649,-37.87394948723561
2018-08-05,3627,4010.8,4069.4,32.1963394342762,197.16947899780783,-115.21551601552073,-73.54340826522335,-41.672107750297386
2018-08-06,3652,3982.45,4055.8,34.2477140482128,206.29903527165126,-123.04625352581343,-83.44397731734136,-39.60227620847206
2018-08-07,3618,3943.5,4041.64,35.09369676320273,212.46784476118302,-130.49146093671789,-92.85347404121667,-37.637986895501214
2018-08-08,3366,3900.85,4018.64,14.358108108108112,233.23195498811245,-154.940082572763,-105.27079574752594,-49.669286825237066
2018-08-09,3167,3852.35,3987.38,13.34379905808477,270.0031076875043,-188.2039304919117,-121.85742269640309,-66.34650779550861
2018-08-10,3277,3818.25,3958.8,20.83333333333333,292.6644463560785,-203.34564689019817,-138.15506753516212,-65.19057935503605
2018-08-11,3033,3767.15,3926.88,13.54923992068737,331.61580214138655,-232.3558731636108,-156.99522866085186,-75.36064450275893
2018-08-12,2895,3710.35,3902.62,12.553582363747694,375.4139493057274,-263.44529975202704,-178.28524287908692,-85.16005687294012
2018-08-13,2905,3657.2,3876.96,12.926829268292678,411.54978190796726,-284.0031661702783,-199.4288275373252,-84.5743386329531
2018-08-14,2599,3576.65,3848.18,11.54684095860567,465.9733108631555,-321.283509760985,-223.79976398205716,-97.48374577892784
2018-08-15,2541,3498.65,3817.8,12.604042806183116,513.9442129482319,-351.45718625215386,-249.33124843607652,-102.12593781607734
2018-08-16,2590,3425.1,3793.14,16.25155666251557,543.4093734252524,-367.18348907284553,-272.90169656343033,-94.2817925094152
2018-08-17,2633,3349.95,3767.24,18.673218673218685,555.6152062995149,-371.8900398403639,-292.6993652188171,-79.1906746215468
2018-08-18,2883,3288.2,3748.86,26.89122032026505,557.4859412690436,-351.39642531531035,-304.4387772381158,-46.95764807719456
2018-08-19,2685,3216.4,3725.18,25.417536534446768,567.8203293619989,-347.1305287465034,-312.97712753979334,-34.15340120671004
2018-08-20,2742,3152.95,3699.6,26.642710472279262,577.5044698040572,-335.2853900815244,-317.43878004813956,-17.84661003338482
2018-08-21,2480,3087.0,3669.0,23.851102941176478,593.1497882190926,-343.08437955960017,-322.5678999504317,-20.51647960916847
2018-08-22,2550,3030.8,3635.34,29.538615847542616,601.2465642600122,-339.7008598679545,-325.9944919339363,-13.706367934018203
2018-08-23,2440,2970.15,3602.92,30.91863517060368,612.6219334412693,-341.95364803127586,-329.18632315340426,-12.767324877871602
2018-08-24,2522,2910.25,3572.02,29.88811933937133,604.5336275977847,-333.28043479135613,-330.00514548099466,-3.2752893103614724
2018-08-25,2571,2857.45,3541.6,36.26634958382877,595.0159169125606,-318.77828271117596,-327.75977292703095,8.98149021585499
2018-08-26,2537,2801.7,3510.76,38.656527249683144,584.1325280660307,-306.4956475177446,-323.5069478451737,17.011300327429126
2018-08-27,2492,2745.4,3476.58,37.197768133911964,565.4025816268695,-296.96941598422745,-318.19944147298446,21.230025488757008
2018-08-28,2610,2707.6,3444.4,50.3859649122807,537.8354884568903,-276.7084720080047,-309.90124757998854,33.192775571983816
2018-08-29,2707,2684.6,3416.64,55.66939890710382,501.12350669819955,-249.94324841400658,-297.9096477467922,47.96639933278561
2018-08-30,2635,2652.5,3393.76,51.513113651647615,467.15143253502185,-231.8685775251024,-284.70143370245427,52.83285617735186
2018-08-31,2600,2630.85,3367.64,48.8843813387424,442.9795459848028,-217.85715642952073,-271.33257824786756,53.47542181834683
2018-09-01,2582,2615.2,3343.34,37.93103448275862,422.7335455989918,-205.8327421075751,-258.23261101980904,52.399868912233956
2018-09-02,2704,2605.15,3320.78,50.81127241673782,397.41689075510266,-184.33403866892695,-243.4528965496326,59.11885788070566
2018-09-03,2696,2610.0,3298.0,47.95008912655972,362.11906500674746,-166.02782898145097,-227.9678830359963,61.94005405454533
2018-09-04,2627,2614.3,3271.1,57.911733046286336,328.95041900095055,-155.2975754772301,-213.43382152424306,58.136246047012946
2018-09-05,2593,2614.45,3238.58,52.40761478163495,285.930945766819,-147.83315947845585,-200.31368911508565,52.4805296366298
2018-09-06,2105,2588.05,3192.74,36.82140047206924,258.3130529673521,-179.22903686427753,-196.09675866492404,16.867721800646507
2018-09-07,2090,2548.4,3150.16,32.05980066445183,248.40833319351503,-202.98103154702358,-197.47361324134397,-5.507418305679607
2018-09-08,1952,2511.75,3106.46,26.06341840680588,259.93850731699405,-230.2855170500634,-204.03599400308786,-26.249523046975526
2018-09-09,1783,2463.8,3062.94,23.599439775910355,270.4862288545938,-262.5350653268033,-215.73580826783098,-46.79925705897233
2018-09-10,1773,2428.45,3017.3,24.192390524048818,291.4251071946747,-285.60767363106606,-229.71018134047802,-55.89749229058805
2018-09-11,1780,2389.95,2972.28,17.628705148205924,311.98283367154386,-299.8713106371856,-243.74240719981955,-56.12890343736606
2018-09-12,1665,2351.2,2926.22,9.92307692307692,335.0548436835988,-316.8029771162005,-258.35452118309576,-58.44845593310475
2018-09-13,1643,2307.25,2874.88,10.319999999999993,363.552916352605,-328.21322319387696,-272.326261585252,-55.88696160862497
2018-09-14,1897,2273.55,2830.8,26.072157930565012,374.2262530952704,-313.1504447852885,-280.4910982252593,-32.659346560029235
2018-09-15,1913,2242.35,2787.84,27.198364008179965,381.808852699853,-296.5041033565053,-283.6936992515085,-12.810404104996792
2018-09-16,2019,2218.7,2745.5,26.39558924879394,383.29026844551555,-271.62729336692837,-281.2804180745925,9.65312470766412
2018-09-17,1992,2187.8,2702.98,26.054421768707485,374.38400748088713,-251.19529359313537,-275.2633931783011,24.068099585165726
2018-09-18,1754,2140.15,2655.64,23.367907260524717,380.99836183914925,-251.31044711972936,-270.47280396658675,19.162356846857392
2018-09-19,1871,2101.95,2612.84,29.03600464576074,377.89422743198116,-239.2033970665509,-264.2189225865796,25.01552552002869
2018-09-20,1855,2064.7,2573.96,40.0,382.1391634337706,-228.26820517797432,-257.0287791048586,28.760573926884263
2018-09-21,1969,2034.05,2539.86,45.51519644180875,380.18123476092893,-208.00538298404172,-247.22409988069523,39.21871689665352
2018-09-22,2175,2007.6,2510.3,57.868736767819335,377.7857387035577,-173.3264723422535,-232.4445743730069,59.11810203075339
2018-09-23,2126,1979.1,2478.42,63.22282189668466,373.17193350250704,-148.08998711188087,-215.57365692078173,67.48366980890086
2018-09-24,2150,1955.25,2448.88,64.37833714721586,366.222162646896,-124.71564697854751,-197.40205493233492,72.68640795378741
2018-09-25,2008,1926.0,2416.0,57.88381742738589,360.9635317651135,-116.30879192276143,-181.18340233042022,64.87461040765879
2018-09-26,1935,1917.5,2382.34,59.61538461538462,357.54634616389035,-114.22013007651594,-167.79074787963938,53.57061780312344
2018-09-27,1893,1907.65,2352.88,58.77808988764045,348.92668926686383,-114.63248754653432,-157.15909581301838,42.52660826648406
2018-09-28,2030,1911.55,2330.14,55.08798775822494,330.8361489789774,-102.7204315752208,-146.27136296545888,43.55093139023808
2018-09-29,1976,1921.2,2304.12,52.342007434944236,315.17217334426954,-96.52471328914612,-136.32203303019634,39.79731974105022
2018-09-30,2060,1935.55,2284.66,51.54950869236584,298.9733851991623,-83.8696666172741,-125.8315597476119,41.9618931303378
2018-10-01,2070,1950.05,2268.16,52.98621745788668,281.91248336289993,-72.20124353683559,-115.10549650545664,42.90425296862105
2018-10-02,2067,1970.15,2251.4,64.6125116713352,252.36777805867757,-62.47582666712651,-104.57956253779062,42.10373587066411
2018-10-03,2034,1989.7,2240.1,58.257345491388044,217.32999697736574,-56.7767014653075,-95.018990323294,38.24228885798651
2018-10-04,1998,1994.75,2229.24,57.10029791459781,181.4926109131352,-54.536341817553875,-86.92246062214599,32.386118804592115
2018-10-05,2013,1999.75,2217.7,52.42290748898679,139.04759790349917,-50.96299631783222,-79.73056776128324,28.76757144345102
2018-10-06,2067,2002.15,2206.38,42.857142857142854,137.7844226551439,-43.2748994583028,-72.43943410068715,29.164534642384353
2018-10-07,2040,2004.55,2189.52,44.141689373297005,136.35170884782366,-38.91214665430334,-65.7339766114104,26.821829957107056
2018-10-08,2047,2019.2,2176.76,42.81729428172943,137.4917385186983,-34.49218765795831,-59.485618820719985,24.993431162761674
2018-10-09,2085,2029.9,2163.62,56.28058727569331,135.6259435052851,-27.604844425403826,-53.109463941656756,25.50461951625293
2018-10-10,2072,2040.75,2155.46,62.38698010849909,132.0840206297562,-22.93122970559125,-47.073817094443655,24.142587388852405
2018-10-11,2060,2045.3,2145.66,65.96558317399618,127.76389862977047,-19.96550615353749,-41.65215490626242,21.686648752724928
2018-10-12,1724,2022.75,2131.34,28.808864265927966,123.07123906515405,-44.217825237785746,-42.16528897256708,-2.052536265218663
2018-10-13,1766,2004.75,2116.22,35.21126760563381,112.92345082887479,-59.36459574267792,-45.60515032658925,-13.759445416088667
2018-10-14,1802,1987.35,2100.84,30.513595166163142,116.8521464839473,-67.68340914972805,-50.02080209121702,-17.66260705851103
2018-10-15,1761,1975.0,2085.32,27.705627705627705,123.23414308933745,-76.70033237006965,-55.35670814698755,-21.343624223082095
2018-10-16,1899,1973.2,2073.46,39.855072463768124,123.89163321864778,-71.88224848435357,-58.66181621446076,-13.220432269892811
2018-10-17,1893,1973.2,2059.12,41.19850187265917,124.78349065563364,-67.76685799287384,-60.48282457014338,-7.2840334227304595
2018-10-18,1893,1966.35,2042.84,43.13725490196078,118.79553089613391,-63.77027731729436,-61.14031511957357,-2.6299621977207863
2018-10-19,1847,1959.9,2027.08,39.572864321608044,119.61867093709229,-63.58184200375149,-61.628620496409155,-1.9532215073423345
2018-10-20,1834,1948.6,2011.76,34.56953642384107,120.4170148743072,-63.74666513982197,-62.052229425091724,-1.694435714730247
2018-10-21,1860,1938.1,1997.32,38.06366047745359,122.28008644176126,-61.075268279024385,-61.85683719587826,0.7815689168538782
2018-10-22,1855,1927.5,1980.34,37.234042553191486,117.9158330256609,-58.685139476074255,-61.222497651917465,2.5373581758432096
2018-10-23,1845,1918.05,1963.32,33.425414364640886,115.59065706178218,-56.94147571905023,-60.36629326534402,3.424817546293788
2018-10-24,1842,1910.25,1947.62,33.89355742296918,111.0609442302188,-55.16576792401338,-59.3261881970779,4.160420273064517
2018-10-25,1855,1902.35,1932.86,35.66433566433567,111.46320974389337,-52.108837111104094,-57.88271797988314,5.773880868779045
2018-10-26,1845,1891.25,1927.66,65.55269922879177,112.73486849545264,-49.917693743598875,-56.28971313262629,6.372019389027415
2018-10-27,1857,1882.1,1923.0,62.6740947075209,113.38086055505238,-46.67485841300504,-54.36674218870204,7.691883775697001
2018-10-28,1856,1872.55,1921.08,58.33333333333334,112.70856019044949,-43.6820403230754,-52.22980181557672,8.547761492501323
2018-10-29,1869,1861.75,1922.8,68.24324324324324,112.81163223617655,-39.80240175890731,-49.744321804242844,9.941920045335536
2018-10-30,1791,1847.7,1923.16,27.11864406779661,112.30756722120992,-42.53143249343225,-48.301743942080726,5.770311448648478
2018-10-31,1812,1835.3,1923.8,33.86454183266932,109.87301447725422,-42.50965962169607,-47.1433270780038,4.633667456307727
2018-11-01,1820,1840.1,1926.9,35.907335907335906,106.62209557283059,-41.369983900287934,-45.988658442460626,4.618674542172691
2018-11-02,1802,1841.9,1930.08,40.259740259740255,104.8211393963152,-41.44152019946637,-45.079230793861775,3.637710594395408
2018-11-03,1833,1843.45,1928.8,49.799196787148595,103.29471840587294,-38.55236464811651,-43.77385756471272,5.221492916596212
2018-11-04,1814,1846.1,1926.82,40.49586776859503,101.14768990138926,-37.36510756773578,-42.49210756531734,5.126999997581564
2018-11-05,1871,1844.7,1923.86,52.721088435374156,94.65375498788772,-31.46209865783362,-40.286105783820595,8.824007125986974
2018-11-06,1894,1844.75,1921.9,57.980456026058626,89.3024307502586,-24.643933857678576,-37.1576713985922,12.513737540913624
2018-11-07,1980,1849.1,1926.42,67.6923076923077,85.39267647389894,-12.160825437526455,-32.158302206379055,19.9974767688526
2018-11-08,1975,1855.5,1928.5,65.70680628272251,77.60792263130135,-2.6408877814239986,-26.254819321388045,23.613931539964046
2018-11-09,1925,1860.05,1929.9,59.47867298578199,67.84668314491654,0.8592444309801976,-20.8320065709144,21.691251001894596
2018-11-10,1914,1862.75,1928.8,56.76959619952495,57.093228859320504,2.7142284215422023,-16.12275957242308,18.836987993965284
2018-11-11,1933,1866.65,1923.96,58.76993166287016,53.695405312724446,5.652301594528808,-11.767747339032704,17.42004893356151
2018-11-12,1930,1870.9,1920.04,57.10955710955711,52.32635212214255,7.650480842942443,-7.8841017026376745,15.534582545580118
2018-11-13,1936,1875.6,1915.76,70.30812324929971,52.60816989977506,9.607453406879813,-4.385790680734177,13.99324408761399
2018-11-14,1886,1877.15,1913.32,59.58549222797927,48.638993864097195,7.042603382535617,-2.100111868080218,9.142715250615835
2018-11-15,1672,1868.5,1908.06,37.5,60.52955011195184,-12.118377159415331,-4.103764926347241,-8.01461223306809
2018-11-16,1655,1858.4,1903.3,37.56345177664974,71.31868739949856,-28.348565593600142,-8.952725059797821,-19.39584053380232
2018-11-17,1585,1844.85,1894.4,30.317460317460316,86.47211363644993,-46.32551020051301,-16.42728208794086,-29.89822811257215
2018-11-18,1582,1830.5,1886.52,31.107491856677527,99.03485976285965,-60.121401158059825,-25.166105901964656,-34.95529525609517
2018-11-19,1600,1820.95,1877.32,26.434782608695656,108.1258525976713,-68.8091060261313,-33.89470592679799,-34.914400099333314
2018-11-20,1353,1798.0,1862.98,16.145181476846062,138.57684286807634,-94.53526675153057,-46.02281809174451,-48.51244865978606
2018-11-21,1196,1766.8,1845.56,4.94252873563218,178.23075576012,-126.13798222867808,-62.045850919131226,-64.09213130954686
2018-11-22,1239,1738.65,1829.66,9.471365638766514,204.32275572172546,-146.03027518395106,-78.8427357720952,-67.18753941185587
2018-11-23,1140,1704.0,1812.5,8.98641588296762,233.9322526941235,-167.84867820949012,-96.64392425957419,-71.20475394991593
2018-11-24,1129,1669.75,1794.82,8.98641588296762,258.6556402436594,-183.9075560419269,-114.09665061604474,-69.81090542588217
2018-11-25,1039,1628.15,1774.26,6.517509727626461,285.977565232072,-201.57297250845818,-131.59191499452743,-69.98105751393075
2018-11-26,1069,1586.9,1754.84,9.194312796208536,306.18013629567923,-210.72310823000294,-147.41815364162255,-63.30495458838038
2018-11-27,995,1537.65,1733.8,8.103294746215482,327.73834706653184,-221.3937489436919,-162.21327270203642,-59.18047624165547
2018-11-28,1005,1489.15,1712.2,9.325946445060026,344.56907119989364,-226.43321105334894,-175.0572603722989,-51.37595068105003
2018-11-29,1107,1448.25,1692.9,20.90628218331618,354.8278018496975,-219.66431998765756,-183.97867229537064,-35.68564769228692
2018-11-30,1068,1405.95,1673.06,20.443101711983886,364.61991074311277,-214.96887177393728,-190.176712191084,-24.792159582853287
2018-12-01,1033,1360.95,1659.24,21.189979123173273,373.8282228910165,-211.63233688542232,-194.46783712995168,-17.164499755470644
2018-12-02,1076,1318.25,1645.44,24.649298597194388,379.6470896024996,-203.17627864643828,-196.209525433249,-6.966753213189264
2018-12-03,1052,1274.05,1630.44,22.709163346613536,383.8060468637321,-196.15029252020963,-196.19767885064115,0.04738633043152163
2018-12-04,980,1228.75,1614.82,27.503015681544028,389.57231043471364,-194.15386130997103,-195.78891534250715,1.635054032536118
2018-12-05,991,1194.7,1596.66,34.99267935578331,390.7363649527915,-189.4996333098129,-194.5310589359683,5.0314256261553965
2018-12-06,920,1157.95,1577.2,27.566807313642755,391.4291307092321,-189.35743606399296,-193.49633436157325,4.138898297580283
2018-12-07,819,1119.65,1555.72,27.489481065918653,389.3764894991495,-195.14508852309154,-193.8260851938769,-1.3190033292146381
2018-12-08,841,1082.6,1535.6,30.110497237569064,382.6126458725292,-195.7007126602988,-194.2010106871613,-1.4997019731374905
2018-12-09,820,1043.6,1515.32,33.2824427480916,375.7205261801267,-195.58103684004448,-194.47701591773796,-1.1040209223065176
2018-12-10,845,1018.2,1495.02,32.76923076923076,364.58514291828874,-191.26412801403296,-193.83443833699698,2.570310322964019
2018-12-11,817,999.25,1474.26,35.26490066225165,349.08425357200093,-187.93590454050218,-192.65473157769804,4.718827037195865
2018-12-12,798,977.2,1453.32,33.11582381729201,329.50338110691087,-184.70227185280146,-191.06423963271874,6.361967779917279
2018-12-13,812,960.8,1432.72,21.904761904761912,302.80228365795386,-178.94712063761938,-188.6408158336989,9.693695196079517
2018-12-14,778,943.25,1411.18,22.115384615384613,274.6144298055677,-175.11106631646396,-185.93486593025193,10.823799613787969
2018-12-15,759,929.25,1389.46,22.817460317460316,259.2605333210138,-171.62571246010043,-183.07303523622164,11.447322776121212
2018-12-16,760,913.8,1367.52,15.800865800865793,240.44627091175155,-166.8594014619797,-179.83030848137327,12.970907019393564
2018-12-17,765,902.3,1345.7,17.607223476297975,222.3108934202239,-160.82472017898488,-176.02919082089562,15.204470641910746
2018-12-18,852,894.65,1325.36,36.026200873362455,196.3056378412001,-147.323762248673,-170.2881051064511,22.964342857778092
2018-12-19,906,884.6,1307.66,41.516966067864274,159.14637229939066,-130.7594930753669,-162.38238270023427,31.622889624867383
2018-12-20,904,876.4,1289.5,48.14814814814815,141.5889509617431,-116.4511967934277,-153.19614551887295,36.744948725445255
2018-12-21,1026,876.05,1273.62,72.8476821192053,134.6569289183115,-94.181720255801,-141.39326046625857,47.21154021045757
2018-12-22,975,871.0,1257.08,63.90041493775934,122.88135105354915,-79.72920478893332,-129.06044933079352,49.3312445418602
2018-12-23,1040,870.4,1241.22,70.91254752851711,118.43349654304821,-62.312228798778506,-115.71080522439053,53.39857642561202
2018-12-24,1169,879.85,1228.32,75.71428571428571,120.918748249082,-37.66574072901301,-100.10179232531503,62.43605159630202
2018-12-25,1258,893.2,1216.06,81.91027496382056,133.4368850761086,-10.826859868324846,-82.24680583391701,71.41994596559216
2018-12-26,1156,905.0,1201.3,73.1266149870801,137.19949817260502,2.1873842233064806,-65.35996782247231,67.5473520457788
2018-12-27,1178,922.95,1185.26,73.40153452685422,143.45979451972704,14.113787608791881,-49.465216736219475,63.579004345011356
2018-12-28,1029,932.35,1166.34,63.99108138238573,143.84156354219388,11.410955074812819,-37.28998237401302,48.70093744882584
2018-12-29,1201,951.4,1151.86,71.04761904761905,148.3083770817005,22.884109584375437,-25.255163982335333,48.13927356671077
2018-12-30,1243,971.3,1138.44,72.13565536205316,156.16930467957584,34.96268807950992,-13.211593569966283,48.1742816494762
2018-12-31,1236,992.25,1124.5,71.54620311070448,163.65538505480228,43.46912207906507,-1.8754504401600123,45.34457251922508
